column,dtype,non_null,missing,missing_pct,unique,numeric_like,category,inferred_unit,modelling_suitability
Rk,int64,2839,0,0.0,2839,True,identity_or_duplicate_metadata,identifier_or_year,metadata
Player,object,2839,0,0.0,2687,False,identity_or_duplicate_metadata,count_or_rate_unknown,metadata
Nation,object,2836,3,0.11,115,False,identity_or_duplicate_metadata,count_or_rate_unknown,metadata
Pos,object,2839,0,0.0,9,False,identity_or_duplicate_metadata,count_or_rate_unknown,metadata
Squad,object,2839,0,0.0,96,False,identity_or_duplicate_metadata,count_or_rate_unknown,metadata
Comp,object,2839,0,0.0,5,False,identity_or_duplicate_metadata,count_or_rate_unknown,metadata
Age,float64,2837,2,0.07,27,True,identity_or_duplicate_metadata,identifier_or_year,metadata
Born,float64,2837,2,0.07,28,True,identity_or_duplicate_metadata,identifier_or_year,metadata
MP,int64,2839,0,0.0,38,True,playing_time,count_or_rate_unknown,candidate
Starts,int64,2839,0,0.0,39,True,playing_time,count_or_rate_unknown,candidate
Min,int64,2839,0,0.0,1684,True,playing_time,minutes,candidate
90s,float64,2839,0,0.0,370,True,playing_time,count_or_rate_unknown,candidate
Gls,int64,2839,0,0.0,25,True,shooting_or_output,count_or_rate_unknown,candidate
Ast,int64,2839,0,0.0,18,True,shooting_or_output,count_or_rate_unknown,candidate
G+A,int64,2839,0,0.0,32,True,shooting_or_output,count_or_rate_unknown,candidate
G-PK,int64,2839,0,0.0,22,True,shooting_or_output,count_or_rate_unknown,candidate
PK,int64,2839,0,0.0,10,True,shooting_or_output,count_or_rate_unknown,candidate
PKatt,int64,2839,0,0.0,11,True,defending_or_goalkeeping,count_or_rate_unknown,candidate
CrdY,int64,2839,0,0.0,14,True,defending_or_goalkeeping,count_or_rate_unknown,candidate
CrdR,int64,2839,0,0.0,4,True,defending_or_goalkeeping,count_or_rate_unknown,candidate
G+A-PK,float64,2839,0,0.0,124,True,shooting_or_output,count_or_rate_unknown,candidate
Rk_stats_keeper,float64,194,2645,93.17,194,True,identity_or_duplicate_metadata,identifier_or_year,metadata
Nation_stats_keeper,object,194,2645,93.17,46,False,identity_or_duplicate_metadata,count_or_rate_unknown,metadata
Pos_stats_keeper,object,194,2645,93.17,1,False,identity_or_duplicate_metadata,count_or_rate_unknown,metadata
Comp_stats_keeper,object,194,2645,93.17,5,False,identity_or_duplicate_metadata,count_or_rate_unknown,metadata
Age_stats_keeper,float64,194,2645,93.17,22,True,identity_or_duplicate_metadata,identifier_or_year,metadata
Born_stats_keeper,float64,194,2645,93.17,23,True,identity_or_duplicate_metadata,identifier_or_year,metadata
MP_stats_keeper,float64,194,2645,93.17,38,True,playing_time,count_or_rate_unknown,candidate
Starts_stats_keeper,float64,194,2645,93.17,38,True,playing_time,count_or_rate_unknown,candidate
Min_stats_keeper,float64,194,2645,93.17,96,True,playing_time,minutes,candidate
90s_stats_keeper,float64,194,2645,93.17,82,True,playing_time,count_or_rate_unknown,candidate
GA,float64,194,2645,93.17,60,True,defending_or_goalkeeping,count_or_rate_unknown,candidate
GA90,float64,194,2645,93.17,100,True,defending_or_goalkeeping,per_90,candidate
SoTA,float64,194,2645,93.17,114,True,defending_or_goalkeeping,count_or_rate_unknown,candidate
Saves,float64,194,2645,93.17,93,True,defending_or_goalkeeping,count_or_rate_unknown,candidate
Save%,float64,190,2649,93.31,116,True,defending_or_goalkeeping,percentage,candidate
W,float64,194,2645,93.17,27,True,unclassified,count_or_rate_unknown,review
D,float64,194,2645,93.17,16,True,unclassified,count_or_rate_unknown,review
L,float64,194,2645,93.17,23,True,unclassified,count_or_rate_unknown,review
CS,float64,194,2645,93.17,18,True,defending_or_goalkeeping,count_or_rate_unknown,candidate
CS%,float64,188,2651,93.38,87,True,defending_or_goalkeeping,percentage,candidate
PKatt_stats_keeper,float64,194,2645,93.17,12,True,defending_or_goalkeeping,count_or_rate_unknown,candidate
PKA,float64,194,2645,93.17,10,True,defending_or_goalkeeping,count_or_rate_unknown,candidate
PKsv,float64,194,2645,93.17,4,True,defending_or_goalkeeping,count_or_rate_unknown,candidate
PKm,float64,194,2645,93.17,4,True,defending_or_goalkeeping,count_or_rate_unknown,candidate
Rk_stats_shooting,int64,2839,0,0.0,2839,True,identity_or_duplicate_metadata,identifier_or_year,metadata
Nation_stats_shooting,object,2836,3,0.11,115,False,identity_or_duplicate_metadata,count_or_rate_unknown,metadata
Pos_stats_shooting,object,2839,0,0.0,9,False,identity_or_duplicate_metadata,count_or_rate_unknown,metadata
Comp_stats_shooting,object,2839,0,0.0,5,False,identity_or_duplicate_metadata,count_or_rate_unknown,metadata
Age_stats_shooting,float64,2837,2,0.07,27,True,identity_or_duplicate_metadata,identifier_or_year,metadata
Born_stats_shooting,float64,2837,2,0.07,28,True,identity_or_duplicate_metadata,identifier_or_year,metadata
90s_stats_shooting,float64,2839,0,0.0,370,True,playing_time,count_or_rate_unknown,candidate
Gls_stats_shooting,int64,2839,0,0.0,25,True,shooting_or_output,count_or_rate_unknown,candidate
Sh,int64,2839,0,0.0,106,True,shooting_or_output,count_or_rate_unknown,candidate
SoT,int64,2839,0,0.0,49,True,shooting_or_output,count_or_rate_unknown,candidate
SoT%,float64,2349,490,17.26,305,True,shooting_or_output,percentage,candidate
Sh/90,float64,2839,0,0.0,425,True,shooting_or_output,per_90,candidate
SoT/90,float64,2839,0,0.0,214,True,shooting_or_output,per_90,candidate
G/Sh,float64,2349,490,17.26,36,True,shooting_or_output,count_or_rate_unknown,candidate
G/SoT,float64,2013,826,29.09,62,True,shooting_or_output,count_or_rate_unknown,candidate
PK_stats_shooting,int64,2839,0,0.0,10,True,unclassified,count_or_rate_unknown,review
PKatt_stats_shooting,int64,2839,0,0.0,11,True,defending_or_goalkeeping,count_or_rate_unknown,candidate
Rk_stats_playing_time,int64,2839,0,0.0,2839,True,identity_or_duplicate_metadata,identifier_or_year,metadata
Nation_stats_playing_time,object,2836,3,0.11,115,False,identity_or_duplicate_metadata,count_or_rate_unknown,metadata
Pos_stats_playing_time,object,2839,0,0.0,9,False,identity_or_duplicate_metadata,count_or_rate_unknown,metadata
Comp_stats_playing_time,object,2839,0,0.0,5,False,identity_or_duplicate_metadata,count_or_rate_unknown,metadata
Age_stats_playing_time,float64,2837,2,0.07,27,True,identity_or_duplicate_metadata,identifier_or_year,metadata
Born_stats_playing_time,float64,2837,2,0.07,28,True,identity_or_duplicate_metadata,identifier_or_year,metadata
MP_stats_playing_time,int64,2839,0,0.0,38,True,playing_time,count_or_rate_unknown,candidate
Min_stats_playing_time,int64,2839,0,0.0,1684,True,playing_time,minutes,candidate
Mn/MP,int64,2839,0,0.0,90,True,playing_time,minutes,candidate
Min%,float64,2839,0,0.0,858,True,playing_time,percentage,candidate
90s_stats_playing_time,float64,2839,0,0.0,370,True,playing_time,count_or_rate_unknown,candidate
Starts_stats_playing_time,int64,2839,0,0.0,39,True,playing_time,count_or_rate_unknown,candidate
Mn/Start,float64,2477,362,12.75,56,True,playing_time,count_or_rate_unknown,candidate
Compl,int64,2839,0,0.0,39,True,playing_time,count_or_rate_unknown,candidate
Subs,int64,2839,0,0.0,28,True,playing_time,count_or_rate_unknown,candidate
Mn/Sub,float64,2462,377,13.28,64,True,playing_time,count_or_rate_unknown,candidate
unSub,int64,2839,0,0.0,38,True,playing_time,count_or_rate_unknown,candidate
PPM,float64,2839,0,0.0,242,True,playing_time,count_or_rate_unknown,candidate
onG,int64,2839,0,0.0,83,True,team_impact,count_or_rate_unknown,candidate
onGA,int64,2839,0,0.0,71,True,team_impact,count_or_rate_unknown,candidate
+/-,int64,2839,0,0.0,94,True,team_impact,count_or_rate_unknown,candidate
+/-90,float64,2839,0,0.0,514,True,team_impact,per_90,candidate
On-Off,float64,2814,25,0.88,561,True,team_impact,count_or_rate_unknown,candidate
Rk_stats_misc,int64,2839,0,0.0,2839,True,identity_or_duplicate_metadata,identifier_or_year,metadata
Nation_stats_misc,object,2836,3,0.11,115,False,identity_or_duplicate_metadata,count_or_rate_unknown,metadata
Pos_stats_misc,object,2839,0,0.0,9,False,identity_or_duplicate_metadata,count_or_rate_unknown,metadata
Comp_stats_misc,object,2839,0,0.0,5,False,identity_or_duplicate_metadata,count_or_rate_unknown,metadata
Age_stats_misc,float64,2837,2,0.07,27,True,identity_or_duplicate_metadata,identifier_or_year,metadata
Born_stats_misc,float64,2837,2,0.07,28,True,identity_or_duplicate_metadata,identifier_or_year,metadata
90s_stats_misc,float64,2839,0,0.0,370,True,playing_time,count_or_rate_unknown,candidate
CrdY_stats_misc,int64,2839,0,0.0,14,True,defending_or_goalkeeping,count_or_rate_unknown,candidate
CrdR_stats_misc,int64,2839,0,0.0,4,True,defending_or_goalkeeping,count_or_rate_unknown,candidate
2CrdY,int64,2839,0,0.0,3,True,defending_or_goalkeeping,count_or_rate_unknown,candidate
Fls,int64,2839,0,0.0,69,True,defending_or_goalkeeping,count_or_rate_unknown,candidate
Fld,int64,2839,0,0.0,80,True,defending_or_goalkeeping,count_or_rate_unknown,candidate
Off,int64,2839,0,0.0,31,True,offside,count_or_rate_unknown,candidate
Crs,int64,2839,0,0.0,174,True,crossing,count_or_rate_unknown,candidate
Int,int64,2839,0,0.0,60,True,defending_or_goalkeeping,count_or_rate_unknown,candidate
TklW,int64,2839,0,0.0,67,True,defending_or_goalkeeping,count_or_rate_unknown,candidate
OG,int64,2839,0,0.0,3,True,defending_or_goalkeeping,count_or_rate_unknown,candidate
