column,dtype,non_null_rows,coverage_pct
player_name,str,18968,100.0
team_name,str,18968,100.0
competition,str,18968,100.0
season,str,18968,100.0
name_norm,str,18968,100.0
team_norm,str,18968,100.0
sofascore_id,int64,18968,100.0
sofascore_team_id,int64,18968,100.0
_source_file,str,18968,100.0
sofa_chipped_passes_completed,int64,18968,100.0
sofa_crosses_completed,int64,18968,100.0
sofa_crosses_pct,float64,18968,100.0
sofa_passes_final_third,int64,18968,100.0
sofa_long_balls_completed,int64,18968,100.0
sofa_long_balls_pct,float64,18968,100.0
sofa_passes_opp_half,int64,18968,100.0
sofa_passes_own_half,int64,18968,100.0
sofa_passes_completed,int64,18968,100.0
sofa_pass_completion_pct,float64,18968,100.0
sofa_aerials_won,int64,18968,100.0
sofa_aerials_won_pct,float64,18968,100.0
sofa_aerials_lost,int64,18968,100.0
sofa_games,int64,18968,100.0
sofa_assists,int64,18968,100.0
sofa_pen_miss,int64,18968,100.0
sofa_pen_post,int64,18968,100.0
sofa_pen_on_target,int64,18968,100.0
sofa_ball_recoveries,float64,18933,99.82
sofa_big_chances_created,int64,18968,100.0
sofa_big_chances_missed,int64,18968,100.0
sofa_blocked_shots,int64,18968,100.0
sofa_clean_sheets,int64,18968,100.0
sofa_clearances,int64,18968,100.0
sofa_sofascore_rating_count,int64,18968,100.0
sofa_crosses_not_claimed,int64,18968,100.0
sofa_direct_red_cards,int64,18968,100.0
sofa_dispossessed,int64,18968,100.0
sofa_dribbled_past,int64,18968,100.0
sofa_duels_lost,int64,18968,100.0
sofa_errors_leading_to_goal,int64,18968,100.0
sofa_errors_leading_to_shot,int64,18968,100.0
sofa_xag,float64,18783,99.02
sofa_xg,float64,15919,83.93
sofa_fouls,int64,18968,100.0
sofa_goals_freekick,int64,18968,100.0
sofa_goal_conversion_pct,float64,18968,100.0
sofa_goal_kicks,float64,18933,99.82
sofa_goals,int64,18968,100.0
sofa_goals_assists,int64,18968,100.0
sofa_goals_conceded,int64,18968,100.0
sofa_goals_conceded_inside_box,int64,18968,100.0
sofa_goals_conceded_outside_box,int64,18968,100.0
sofa_goals_inside_box,int64,18968,100.0
sofa_goals_outside_box,int64,18968,100.0
sofa_goals_prevented,float64,1359,7.16
sofa_ground_duels_won,int64,18968,100.0
sofa_ground_duels_won_pct,float64,18968,100.0
sofa_goals_headed,int64,18968,100.0
sofa_high_claims,int64,18968,100.0
sofa_hit_woodwork,int64,18968,100.0
sofa_passes_inaccurate,int64,18968,100.0
sofa_interceptions,int64,18968,100.0
sofa_key_passes,int64,18968,100.0
sofa_goals_left_foot,int64,18968,100.0
sofa_starts,int64,18968,100.0
sofa_minutes,int64,18968,100.0
sofa_offsides,int64,18968,100.0
sofa_outfield_blocks,float64,6994,36.87
sofa_own_goals,int64,18968,100.0
sofa_pass_to_assist,int64,18968,100.0
sofa_pens_taken,int64,18968,100.0
sofa_pens_conceded,int64,18968,100.0
sofa_pen_conversion_pct,float64,18968,100.0
sofa_pens_faced,int64,18968,100.0
sofa_goals_penalty,int64,18968,100.0
sofa_pens_saved,int64,18968,100.0
sofa_pens_won,int64,18968,100.0
sofa_possession_lost,int64,18968,100.0
sofa_possession_won_att_third,int64,18968,100.0
sofa_punches,int64,18968,100.0
sofa_sofascore_rating,float64,18968,100.0
sofa_red_cards,int64,18968,100.0
sofa_goals_right_foot,int64,18968,100.0
sofa_runs_out,int64,18968,100.0
sofa_saves_inside_box,int64,18968,100.0
sofa_saves_outside_box,int64,18968,100.0
sofa_saves,int64,18968,100.0
sofa_saves_caught,int64,18968,100.0
sofa_saves_parried,int64,18968,100.0
sofa_scoring_frequency,float64,18968,100.0
sofa_set_piece_conversion,float64,18968,100.0
sofa_shots_set_piece,int64,18968,100.0
sofa_shots_inside_box,int64,18968,100.0
sofa_shots_outside_box,int64,18968,100.0
sofa_shots_off_target,int64,18968,100.0
sofa_shots_on_target,int64,18968,100.0
sofa_dribbles_completed,int64,18968,100.0
sofa_dribbles_pct,float64,18968,100.0
sofa_runs_out_successful,int64,18968,100.0
sofa_tackles,int64,18968,100.0
sofa_tackles_won,int64,18968,100.0
sofa_tackles_won_pct,float64,18968,100.0
sofa_attempt_assists,int64,18968,100.0
sofa_chipped_passes_total,int64,18968,100.0
sofa_dribbles_attempted,int64,18968,100.0
sofa_crosses_total,int64,18968,100.0
sofa_duels_won,int64,18968,100.0
sofa_duels_won_pct,float64,18968,100.0
sofa_long_balls_total,int64,18968,100.0
sofa_passes_opp_half_total,int64,18968,100.0
sofa_passes_own_half_total,int64,18968,100.0
sofa_passes_total,int64,18968,100.0
sofa_sofascore_rating_total,float64,18968,100.0
sofa_shots,int64,18968,100.0
sofa_totw_appearances,int64,18968,100.0
sofa_touches,int64,18968,100.0
sofa_fouled,int64,18968,100.0
sofa_yellow_cards,int64,18968,100.0
sofa_yellow_red_cards,int64,18968,100.0
sofa__name_norm,str,18968,100.0
base_source,str,18968,100.0
player_id,str,18968,100.0
match_minutesPlayed,float64,18953,99.92
match_totalPass,float64,18953,99.92
match_accuratePass,float64,18953,99.92
match_totalLongBalls,float64,18953,99.92
match_accurateLongBalls,float64,18953,99.92
match_accurateOwnHalfPasses,float64,18953,99.92
match_totalOwnHalfPasses,float64,18953,99.92
match_accurateOppositionHalfPasses,float64,18953,99.92
match_totalOppositionHalfPasses,float64,18953,99.92
match_totalCross,float64,18953,99.92
match_accurateCross,float64,18953,99.92
match_aerialWon,float64,18953,99.92
match_aerialLost,float64,18953,99.92
match_duelWon,float64,18953,99.92
match_duelLost,float64,18953,99.92
match_totalClearance,float64,18953,99.92
match_ballRecovery,float64,18953,99.92
match_totalTackle,float64,18953,99.92
match_wonTackle,float64,18953,99.92
match_interceptionWon,float64,18953,99.92
match_challengeLost,float64,18953,99.92
match_dispossessed,float64,18953,99.92
match_totalContest,float64,18953,99.92
match_wonContest,float64,18953,99.92
match_unsuccessfulTouch,float64,18953,99.92
match_touches,float64,18953,99.92
match_possessionLostCtrl,float64,18953,99.92
match_keyPass,float64,18953,99.92
match_goalAssist,float64,18953,99.92
match_bigChanceCreated,float64,18953,99.92
match_bigChanceMissed,float64,18953,99.92
match_totalShots,float64,18953,99.92
match_onTargetScoringAttempt,float64,18953,99.92
match_shotOffTarget,float64,18953,99.92
match_blockedScoringAttempt,float64,18953,99.92
match_goals,float64,18953,99.92
match_fouls,float64,18953,99.92
match_wasFouled,float64,18953,99.92
match_totalOffside,float64,18953,99.92
match_expectedGoals,float64,18953,99.92
match_expectedAssists,float64,18953,99.92
match_expectedGoalsOnTarget,float64,18953,99.92
match_ballCarriesCount,float64,18953,99.92
match_progressiveBallCarriesCount,float64,18953,99.92
match_totalBallCarriesDistance,float64,18953,99.92
match_totalProgressiveBallCarriesDistance,float64,18953,99.92
match_totalProgression,float64,18953,99.92
match_numberOfSprints,float64,18953,99.92
match_kilometersCovered,float64,18953,99.92
match_metersCoveredWalkingKm,float64,18953,99.92
match_metersCoveredJoggingKm,float64,18953,99.92
match_metersCoveredRunningKm,float64,18953,99.92
match_metersCoveredHighSpeedRunningKm,float64,18953,99.92
match_metersCoveredSprintingKm,float64,18953,99.92
match_errorLeadToAGoal,float64,18953,99.92
match_errorLeadToAShot,float64,18953,99.92
match_lastManTackle,float64,18953,99.92
match_penaltyWon,float64,18953,99.92
match_penaltyConceded,float64,18953,99.92
match_ownGoals,float64,18953,99.92
match_height,float64,18806,99.15
match_dateOfBirthTimestamp,float64,18952,99.92
match_position,str,18953,99.92
match_proposedMarketValueRaw,str,18425,97.14
match_country,str,18953,99.92
match_match_weighted_rating,float64,18953,99.92
match_match_appearances,float64,18953,99.92
match_pass_completion_pct,float64,18791,99.07
match_long_ball_completion_pct,float64,17168,90.51
match_own_half_pass_completion_pct,float64,18484,97.45
match_opposition_half_pass_completion_pct,float64,18682,98.49
match_cross_completion_pct,float64,14179,74.75
match_tackle_win_pct,float64,16176,85.28
match_contest_win_pct,float64,15614,82.32
match_aerial_win_pct,float64,17352,91.48
understat_id,str,7856,41.42
understat_us_games,float64,7856,41.42
understat_us_minutes,float64,7856,41.42
understat_us_goals,float64,7856,41.42
understat_xg,float64,7856,41.42
understat_us_assists,float64,7856,41.42
understat_xag,float64,7856,41.42
understat_us_shots,float64,7856,41.42
understat_us_key_passes,float64,7856,41.42
understat_us_yellow_cards,float64,7856,41.42
understat_us_red_cards,float64,7856,41.42
understat_us_pos,str,7856,41.42
understat_us_npg,float64,7856,41.42
understat_npxg,float64,7856,41.42
understat_xg_chain,float64,7856,41.42
understat_xg_buildup,float64,7856,41.42
understat__name_norm,str,7856,41.42
understat_source_file,str,5650,29.79
tm_id,str,3832,20.2
tm_market_value_str,str,3735,19.69
tm_market_value_eur,float64,3735,19.69
tm_contract_expiration,str,3614,19.05
tm_dob,str,3832,20.2
tm_age,float64,3832,20.2
tm_height_m,float64,3784,19.95
tm_nationality,str,3832,20.2
tm_citizenship,str,3832,20.2
tm_tm_position,str,3832,20.2
tm_last_club,str,217,1.14
tm_joined,str,3614,19.05
tm_since,str,217,1.14
tm__name_norm,str,3832,20.2
transfermarkt_source_file,str,1406,7.41
dob_parsed,datetime64[us],3831,20.2
player_id_base,str,3832,20.2
clubelo_elo,float64,9257,48.8
clubelo_rank,float64,6109,32.21
clubelo_level,float64,9257,48.8
clubelo_country,str,9257,48.8
clubelo_snapshot_date,datetime64[us],9257,48.8
clubelo_source_file,str,9257,48.8
date_of_birth,datetime64[us],18953,99.92
height_m,float64,18818,99.21
position,str,18954,99.93
market_value_eur,float64,18465,97.35
player_season_id,str,18968,100.0
season_start_year,float64,18968,100.0
minutes,float64,18968,100.0
appearances,float64,18968,100.0
nineties,float64,18968,100.0
has_sofascore_season,bool,18968,100.0
has_sofascore_match,bool,18968,100.0
has_understat,bool,18968,100.0
has_transfermarkt,bool,18968,100.0
has_clubelo,bool,18968,100.0
source_count,int64,18968,100.0
match_minutesPlayed_per90,float64,18953,99.92
match_totalPass_per90,float64,18953,99.92
match_accuratePass_per90,float64,18953,99.92
match_totalLongBalls_per90,float64,18953,99.92
match_accurateLongBalls_per90,float64,18953,99.92
match_accurateOwnHalfPasses_per90,float64,18953,99.92
match_totalOwnHalfPasses_per90,float64,18953,99.92
match_accurateOppositionHalfPasses_per90,float64,18953,99.92
match_totalOppositionHalfPasses_per90,float64,18953,99.92
match_totalCross_per90,float64,18953,99.92
match_accurateCross_per90,float64,18953,99.92
match_aerialWon_per90,float64,18953,99.92
match_aerialLost_per90,float64,18953,99.92
match_duelWon_per90,float64,18953,99.92
match_duelLost_per90,float64,18953,99.92
match_totalClearance_per90,float64,18953,99.92
match_ballRecovery_per90,float64,18953,99.92
match_totalTackle_per90,float64,18953,99.92
match_wonTackle_per90,float64,18953,99.92
match_interceptionWon_per90,float64,18953,99.92
match_challengeLost_per90,float64,18953,99.92
match_dispossessed_per90,float64,18953,99.92
match_totalContest_per90,float64,18953,99.92
match_wonContest_per90,float64,18953,99.92
match_unsuccessfulTouch_per90,float64,18953,99.92
match_touches_per90,float64,18953,99.92
match_possessionLostCtrl_per90,float64,18953,99.92
match_keyPass_per90,float64,18953,99.92
match_goalAssist_per90,float64,18953,99.92
match_bigChanceCreated_per90,float64,18953,99.92
match_bigChanceMissed_per90,float64,18953,99.92
match_totalShots_per90,float64,18953,99.92
match_onTargetScoringAttempt_per90,float64,18953,99.92
match_shotOffTarget_per90,float64,18953,99.92
match_blockedScoringAttempt_per90,float64,18953,99.92
match_goals_per90,float64,18953,99.92
match_fouls_per90,float64,18953,99.92
match_wasFouled_per90,float64,18953,99.92
match_totalOffside_per90,float64,18953,99.92
match_expectedGoals_per90,float64,18953,99.92
match_expectedAssists_per90,float64,18953,99.92
match_expectedGoalsOnTarget_per90,float64,18953,99.92
match_ballCarriesCount_per90,float64,18953,99.92
match_progressiveBallCarriesCount_per90,float64,18953,99.92
match_totalBallCarriesDistance_per90,float64,18953,99.92
match_totalProgressiveBallCarriesDistance_per90,float64,18953,99.92
match_totalProgression_per90,float64,18953,99.92
match_numberOfSprints_per90,float64,18953,99.92
match_kilometersCovered_per90,float64,18953,99.92
match_metersCoveredWalkingKm_per90,float64,18953,99.92
match_metersCoveredJoggingKm_per90,float64,18953,99.92
match_metersCoveredRunningKm_per90,float64,18953,99.92
match_metersCoveredHighSpeedRunningKm_per90,float64,18953,99.92
match_metersCoveredSprintingKm_per90,float64,18953,99.92
match_errorLeadToAGoal_per90,float64,18953,99.92
match_errorLeadToAShot_per90,float64,18953,99.92
match_lastManTackle_per90,float64,18953,99.92
match_penaltyWon_per90,float64,18953,99.92
match_penaltyConceded_per90,float64,18953,99.92
match_ownGoals_per90,float64,18953,99.92
